{
  "avoid": [
    "custom full GEMM without evidence"
  ],
  "bottleneck": "rank16_update_or_memory_bandwidth",
  "confidence": "medium",
  "evidence": [
    "{\"aggregate_speedup\": 0.9880964727375774, \"details\": {\"iters\": 10, \"warmup\": 3}, \"latency_ms\": {\"3584\": 4.790272235870361, \"4096\": 7.226368188858032, \"4608\": 9.670144081115723}, \"speedup\": {\"3584\": 0.9889909634041809, \"4096\": 0.9886636851015941, \"4608\": 0.9864456989189518}, \"torch_ms\": {\"3584\": 4.7375359535217285, \"4096\": 7.1444478034973145, \"4608\": 9.539072036743164}}"
  ],
  "llm_parse_failed": true,
  "promotion_advice": "reject",
  "recommended_actions": [
    "try vector width 4",
    "vary block size",
    "keep W @ X in cuBLAS"
  ]
}
