{
  "avoid": [
    "custom full GEMM without evidence"
  ],
  "bottleneck": "rank16_update_or_memory_bandwidth",
  "confidence": "medium",
  "evidence": [
    "{\"aggregate_speedup\": 0.9872594261986509, \"details\": {\"iters\": 10, \"warmup\": 3}, \"latency_ms\": {\"3584\": 4.789247989654541, \"4096\": 7.236608028411865, \"4608\": 9.675775527954102}, \"speedup\": {\"3584\": 0.9888817766934583, \"4096\": 0.9871232497425091, \"4608\": 0.9858186443120326}, \"torch_ms\": {\"3584\": 4.736000061035156, \"4096\": 7.143424034118652, \"4608\": 9.538559913635254}}"
  ],
  "llm_parse_failed": true,
  "promotion_advice": "reject",
  "recommended_actions": [
    "try vector width 4",
    "vary block size",
    "keep W @ X in cuBLAS"
  ]
}
