{
  "avoid": [
    "overfitting one exact d"
  ],
  "bottleneck": "multiple_aten_gemm_and_add_launches",
  "candidate_family": "aten_reference",
  "confidence": "medium",
  "evidence": [
    "{\"aggregate_speedup\": 1.0155266159269316, \"details\": {\"iters\": 10, \"warmup\": 3}, \"latency_ms\": {\"3584\": 3.9541760683059692, \"4096\": 6.154239892959595, \"4608\": 8.498175621032715}, \"speedup\": {\"3584\": 1.041046175624848, \"4096\": 1.0079867110648755, \"4608\": 1.000060262711757}, \"torch_ms\": {\"3584\": 4.116479873657227, \"4096\": 6.203392028808594, \"4608\": 8.498687744140625}}"
  ],
  "promotion_advice": "promote",
  "recommended_actions": [
    "keep cuBLAS for W @ X",
    "fuse rank-16 update into the output tensor",
    "test scalar and vectorized rank-16 kernels"
  ]
}
