{
  "avoid": [
    "custom full GEMM without evidence"
  ],
  "bottleneck": "rank16_update_or_memory_bandwidth",
  "confidence": "medium",
  "evidence": [
    "{\"aggregate_speedup\": 0.9903528920957634, \"details\": {\"iters\": 10, \"warmup\": 3}, \"latency_ms\": {\"3584\": 4.773888111114502, \"4096\": 7.217151880264282, \"4608\": 9.647104263305664}, \"speedup\": {\"3584\": 0.9915272021797982, \"4096\": 0.9906356359264693, \"4608\": 0.9888015902374542}, \"torch_ms\": {\"3584\": 4.733439922332764, \"4096\": 7.1495678424835205, \"4608\": 9.539072036743164}}"
  ],
  "llm_parse_failed": true,
  "promotion_advice": "reject",
  "recommended_actions": [
    "try vector width 4",
    "vary block size",
    "keep W @ X in cuBLAS"
  ]
}
