{
  "avoid": [
    "custom full GEMM without evidence"
  ],
  "bottleneck": "rank16_update_or_memory_bandwidth",
  "confidence": "medium",
  "evidence": [
    "{\"aggregate_speedup\": 0.9877567252045799, \"details\": {\"iters\": 10, \"warmup\": 3}, \"latency_ms\": {\"3584\": 4.794367790222168, \"4096\": 7.222271919250488, \"4608\": 9.673215866088867}, \"speedup\": {\"3584\": 0.9877189538076315, \"4096\": 0.9890826756437027, \"4608\": 0.9860265626826981}, \"torch_ms\": {\"3584\": 4.735487937927246, \"4096\": 7.143424034118652, \"4608\": 9.538047790527344}}"
  ],
  "llm_parse_failed": true,
  "promotion_advice": "reject",
  "recommended_actions": [
    "try vector width 4",
    "vary block size",
    "keep W @ X in cuBLAS"
  ]
}
