{
  "avoid": [
    "custom full GEMM without evidence"
  ],
  "bottleneck": "rank16_update_or_memory_bandwidth",
  "confidence": "medium",
  "evidence": [
    "{\"aggregate_speedup\": 0.9844118933355236, \"details\": {\"iters\": 10, \"warmup\": 3}, \"latency_ms\": {\"3584\": 3.7790719270706177, \"4096\": 5.908480167388916, \"4608\": 7.5883519649505615}, \"speedup\": {\"3584\": 0.9855033348471584, \"4096\": 0.9850086526643855, \"4608\": 0.9825247727187396}, \"torch_ms\": {\"3584\": 3.724287986755371, \"4096\": 5.819904088973999, \"4608\": 7.455743789672852}}"
  ],
  "llm_parse_failed": true,
  "promotion_advice": "reject",
  "recommended_actions": [
    "try vector width 4",
    "vary block size",
    "keep W @ X in cuBLAS"
  ]
}
