{
  "avoid": [
    "custom full GEMM without evidence"
  ],
  "bottleneck": "multiple_aten_gemm_and_add_launches",
  "confidence": "medium",
  "evidence": [
    "{\"aggregate_speedup\": 0.9997499843350893, \"details\": {\"iters\": 10, \"warmup\": 3}, \"latency_ms\": {\"3584\": 4.73855996131897, \"4096\": 7.145472049713135, \"4608\": 9.539584159851074}, \"speedup\": {\"3584\": 0.9994597222102725, \"4096\": 0.9994984031181288, \"4608\": 1.0003756880825203}, \"torch_ms\": {\"3584\": 4.735999822616577, \"4096\": 7.141887903213501, \"4608\": 9.543168067932129}}"
  ],
  "llm_parse_failed": true,
  "promotion_advice": "reject",
  "recommended_actions": [
    "try vector width 4",
    "vary block size",
    "keep W @ X in cuBLAS"
  ]
}
