{
  "avoid": [
    "custom full GEMM without evidence"
  ],
  "bottleneck": "rank16_update_or_memory_bandwidth",
  "confidence": "medium",
  "evidence": [
    "{\"aggregate_speedup\": 0.9847316031647626, \"details\": {\"iters\": 10, \"warmup\": 3}, \"latency_ms\": {\"3584\": 3.7831679582595825, \"4096\": 5.900799989700317, \"4608\": 7.583744049072266}, \"speedup\": {\"3584\": 0.9844363316263393, \"4096\": 0.9864642263644775, \"4608\": 0.9827167104368992}, \"torch_ms\": {\"3584\": 3.724287986755371, \"4096\": 5.82092809677124, \"4608\": 7.452672004699707}}"
  ],
  "llm_parse_failed": true,
  "promotion_advice": "reject",
  "recommended_actions": [
    "try vector width 4",
    "vary block size",
    "keep W @ X in cuBLAS"
  ]
}
