{
  "avoid": [
    "custom full GEMM without evidence"
  ],
  "bottleneck": "rank16_update_or_memory_bandwidth",
  "confidence": "medium",
  "evidence": [
    "{\"aggregate_speedup\": 0.9869066202832668, \"details\": {\"iters\": 10, \"warmup\": 3}, \"latency_ms\": {\"3584\": 3.777535915374756, \"4096\": 5.895679950714111, \"4608\": 7.5632641315460205}, \"speedup\": {\"3584\": 0.9859040576152663, \"4096\": 0.9884498206385128, \"4608\": 0.9858515824776062}, \"torch_ms\": {\"3584\": 3.724287986755371, \"4096\": 5.8275837898254395, \"4608\": 7.456255912780762}}"
  ],
  "llm_parse_failed": true,
  "promotion_advice": "reject",
  "recommended_actions": [
    "try vector width 4",
    "vary block size",
    "keep W @ X in cuBLAS"
  ]
}
