{
  "avoid": [
    "custom full GEMM without evidence"
  ],
  "bottleneck": "rank16_update_or_memory_bandwidth",
  "confidence": "medium",
  "evidence": [
    "{\"aggregate_speedup\": 0.9883053535835854, \"details\": {\"iters\": 10, \"warmup\": 3}, \"latency_ms\": {\"3584\": 3.7652480602264404, \"4096\": 5.897727966308594, \"4608\": 7.557119846343994}, \"speedup\": {\"3584\": 0.9891215471554865, \"4096\": 0.988627499427575, \"4608\": 0.9870596322196983}, \"torch_ms\": {\"3584\": 3.724287986755371, \"4096\": 5.830656051635742, \"4608\": 7.459327936172485}}"
  ],
  "llm_parse_failed": true,
  "promotion_advice": "reject",
  "recommended_actions": [
    "try vector width 4",
    "vary block size",
    "keep W @ X in cuBLAS"
  ]
}
