{
  "avoid": [
    "overfitting one exact d"
  ],
  "bottleneck": "rank16_update_or_memory_bandwidth",
  "candidate_family": "cublas_plus_custom_rank16_update",
  "confidence": "medium",
  "evidence": [
    "{\"aggregate_speedup\": 1.0145691901822993, \"details\": {\"iters\": 10, \"warmup\": 3}, \"latency_ms\": {\"3584\": 3.986944079399109, \"4096\": 6.167040109634399, \"4608\": 8.60211181640625}, \"speedup\": {\"3584\": 1.0423783157921993, \"4096\": 1.0065587299002596, \"4608\": 0.9974406782817855}, \"torch_ms\": {\"3584\": 4.155904054641724, \"4096\": 6.207488059997559, \"4608\": 8.580096244812012}}"
  ],
  "promotion_advice": "promote",
  "recommended_actions": [
    "vary block size",
    "try float4 stores when d is divisible by 4",
    "fall back to ATen if numerical error appears"
  ]
}
