{
  "avoid": [
    "custom full GEMM without evidence"
  ],
  "bottleneck": "rank16_update_or_memory_bandwidth",
  "confidence": "medium",
  "evidence": [
    "{\"aggregate_speedup\": 0.9840348635480991, \"details\": {\"iters\": 10, \"warmup\": 3}, \"latency_ms\": {\"3584\": 4.8358399868011475, \"4096\": 7.231487989425659, \"4608\": 9.690624237060547}, \"speedup\": {\"3584\": 0.9791423677671081, \"4096\": 0.9875389448156097, \"4608\": 0.9842552509724096}, \"torch_ms\": {\"3584\": 4.734975814819336, \"4096\": 7.14137601852417, \"4608\": 9.538047790527344}}"
  ],
  "llm_parse_failed": true,
  "promotion_advice": "reject",
  "recommended_actions": [
    "try vector width 4",
    "vary block size",
    "keep W @ X in cuBLAS"
  ]
}
