{
  "avoid": [
    "custom full GEMM without evidence"
  ],
  "bottleneck": "multiple_aten_gemm_and_add_launches",
  "confidence": "medium",
  "evidence": [
    "{\"aggregate_speedup\": 0.9998908574847356, \"details\": {\"iters\": 10, \"warmup\": 3}, \"latency_ms\": {\"3584\": 3.7253119945526123, \"4096\": 5.827071905136108, \"4608\": 7.459839820861816}, \"speedup\": {\"3584\": 0.9995876824013377, \"4096\": 1.0000878459537936, \"4608\": 0.9999313812760564}, \"torch_ms\": {\"3584\": 3.7237759828567505, \"4096\": 5.8275837898254395, \"4608\": 7.459327936172485}}"
  ],
  "llm_parse_failed": true,
  "promotion_advice": "reject",
  "recommended_actions": [
    "try vector width 4",
    "vary block size",
    "keep W @ X in cuBLAS"
  ]
}
